Workbook
Name aporte: Plan1!$D$19
Name patrimonio: Plan1!$D$22
Name qtdeAnos: Plan1!$D$20
Name rendimentoCarteira: Plan1!$D$15
Name salario: Plan1!$D$14
Name sugestaoInvestimento: Plan1!$D$16
Name taxaMensal: Plan1!$D$21

Sheet Plan1
B13: Configurações
B14: Salário | D14: 2000
B15: Rendimento Carteira | D15: 0.006
B16: Sugestão de Investimento(30%) | D16: =D14*30% -> 600
B18: Investimento Mensal
B19: Quanto investir por mês? | D19: 200
B20: Por Quantos Anos? | D20: 5
B21: Taxa de Rendimento Mensal? | D21: 0.01079
A22: 2 | B22: Patromônio Acumulado? | D22: =FV(taxaMensal,qtdeAnos*12,aporte*-1) -> 16755.383
A23: 5 | B23: Dividendos Mensais? | D23: =patrimonio*rendimentoCarteira -> 100.5323
A24: 10
A25: 20 | B25: Cenários | D25: Dividendo
A26: 30 | B26: Quanto em 2 Anos? | C26: =FV($D$21,$A22*12,$D$19*-1) -> 5445.5255 | D26: =C26*rendimentoCarteira -> 32.673153
B27: Quanto em 5 Anos? | C27: =FV($D$21,$A23*12,$D$19*-1) -> 16755.383 | D27: =C27*rendimentoCarteira -> 100.5323
B28: Quanto em 10 Anos? | C28: =FV($D$21,$A24*12,$D$19*-1) -> 48656.843 | D28: =C28*rendimentoCarteira -> 291.94106
B29: Quanto em 20 Anos? | C29: =FV($D$21,$A25*12,$D$19*-1) -> 225039.68 | D29: =C29*rendimentoCarteira -> 1350.2381
B30: Quanto em 30 Anos? | C30: =FV($D$21,$A26*12,$D$19*-1) -> 864433.93 | D30: =C30*rendimentoCarteira -> 5186.6036
B32: PERFIL | C32: Moderado
B33: VALOR A SER INVESTIDO POR MÊS | C33: =aporte -> 200
B35: TIPO DE FII | C35: Percentual Sugerido | D35: Valores
B36: PAPEL | C36: =VLOOKUP($C$32&"-"&B36,Plan2!$A:$D,4,) -> 0.32 | D36: =C36*$C$33 -> 64
B37: TIJOLO | C37: =VLOOKUP($C$32&"-"&B37,Plan2!A2:$D$23,4,) -> 0.35 | D37: =C37*$C$33 -> 70
B38: HÍBRIDOS | C38: =VLOOKUP($C$32&"-"&B38,Plan2!A3:$D$23,4,) -> 0.08 | D38: =C38*$C$33 -> 16
B39: FOFs | C39: =VLOOKUP($C$32&"-"&B39,Plan2!A4:$D$23,4,) -> 0.05 | D39: =C39*$C$33 -> 10
B40: DESENVOLVIMENTO | C40: =VLOOKUP($C$32&"-"&B40,Plan2!A5:$D$23,4,) -> 0.1 | D40: =C40*$C$33 -> 20
B41: HOTELARIAS | C41: =VLOOKUP($C$32&"-"&B41,Plan2!A6:$D$23,4,) -> 0.1 | D41: =C41*$C$33 -> 20
D42: =SUM(D36:D41) -> 200

Sheet Plan2
A2: CHAVE | B2: PERFIL | C2: TIPO DE FII | D2: %
A3: =$B$3&"-"&C3 -> Conservador-PAPEL | B3: Conservador | C3: PAPEL | D3: 0.3 | H3: %
A4: =$B$3&"-"&C4 -> Conservador-TIJOLO | B4: Conservador | C4: TIJOLO | D4: 0.5 | G4: Moderado-TIJOLO | H4: =VLOOKUP(G4,$A:$D,4,) -> 0.35
A5: =$B$3&"-"&C5 -> Conservador-HÍBRIDOS | B5: Conservador | C5: HÍBRIDOS | D5: 0.1
A6: =$B$3&"-"&C6 -> Conservador-FOFs | B6: Conservador | C6: FOFs | D6: 0.1
A7: =$B$3&"-"&C7 -> Conservador-DESENVOLVIMENTO | B7: Conservador | C7: DESENVOLVIMENTO | D7: 0
A8: =$B$3&"-"&C8 -> Conservador-HOTELARIAS | B8: Conservador | C8: HOTELARIAS | D8: 0
A9: =$B$9&"-"&C9 -> Moderado-PAPEL | B9: Moderado | C9: PAPEL | D9: 0.32
A10: =$B$9&"-"&C10 -> Moderado-TIJOLO | B10: Moderado | C10: TIJOLO | D10: 0.35
A11: =$B$9&"-"&C11 -> Moderado-HÍBRIDOS | B11: Moderado | C11: HÍBRIDOS | D11: 0.08
A12: =$B$9&"-"&C12 -> Moderado-FOFs | B12: Moderado | C12: FOFs | D12: 0.05
A13: =$B$9&"-"&C13 -> Moderado-DESENVOLVIMENTO | B13: Moderado | C13: DESENVOLVIMENTO | D13: 0.1
A14: =$B$9&"-"&C14 -> Moderado-HOTELARIAS | B14: Moderado | C14: HOTELARIAS | D14: 0.1
A15: =$B$15&"-"&C15 -> Agressivo-PAPEL | B15: Agressivo | C15: PAPEL | D15: 0.5
A16: =$B$15&"-"&C16 -> Agressivo-TIJOLO | B16: Agressivo | C16: TIJOLO | D16: 0.1
A17: =$B$15&"-"&C17 -> Agressivo-HÍBRIDOS | B17: Agressivo | C17: HÍBRIDOS | D17: 0.05
A18: =$B$15&"-"&C18 -> Agressivo-FOFs | B18: Agressivo | C18: FOFs | D18: 0.05
A19: =$B$15&"-"&C19 -> Agressivo-DESENVOLVIMENTO | B19: Agressivo | C19: DESENVOLVIMENTO | D19: 0.2
A20: =$B$15&"-"&C20 -> Agressivo-HOTELARIAS | B20: Agressivo | C20: HOTELARIAS | D20: 0.1
